"eid","afid","affil","city","country","n_collab_unis","collab_unis","address","latitude","longitude"
"2-s2.0-105027473607","60023256","Politecnico di Milano","Milan","Italy",2,"Politecnico di Milano | Università Bocconi","Politecnico di Milano, Milan, Italy",45.4790288,9.2322104
"2-s2.0-105027473607","60021796","Università Bocconi","Milan","Italy",2,"Politecnico di Milano | Università Bocconi","Università Bocconi, Milan, Italy",45.4498836,9.1892636
"2-s2.0-105024337618","60023256","Politecnico di Milano","Milan","Italy",2,"Politecnico di Milano | Università Cattolica del Sacro Cuore","Politecnico di Milano, Milan, Italy",45.4790288,9.2322104
"2-s2.0-105024337618","60024053","Università Cattolica del Sacro Cuore","Milan","Italy",2,"Politecnico di Milano | Università Cattolica del Sacro Cuore","Università Cattolica del Sacro Cuore, Milan, Italy",45.4618543,9.1770563
"2-s2.0-105024317219","60023256","Politecnico di Milano","Milan","Italy",2,"Politecnico di Milano | Università Cattolica del Sacro Cuore","Politecnico di Milano, Milan, Italy",45.4790288,9.2322104
"2-s2.0-105024317219","60024053","Università Cattolica del Sacro Cuore","Milan","Italy",2,"Politecnico di Milano | Università Cattolica del Sacro Cuore","Università Cattolica del Sacro Cuore, Milan, Italy",45.4618543,9.1770563
"2-s2.0-105023584146","60024053","Università Cattolica del Sacro Cuore","Milan","Italy",2,"Università Bocconi | Università Cattolica del Sacro Cuore","Università Cattolica del Sacro Cuore, Milan, Italy",45.4618543,9.1770563
"2-s2.0-105023584146","60021796","Università Bocconi","Milan","Italy",2,"Università Bocconi | Università Cattolica del Sacro Cuore","Università Bocconi, Milan, Italy",45.4498836,9.1892636
"2-s2.0-105023418043","60023256","Politecnico di Milano","Milan","Italy",2,"Politecnico di Milano | Università Cattolica del Sacro Cuore","Politecnico di Milano, Milan, Italy",45.4790288,9.2322104
"2-s2.0-105023418043","60024053","Università Cattolica del Sacro Cuore","Milan","Italy",2,"Politecnico di Milano | Università Cattolica del Sacro Cuore","Università Cattolica del Sacro Cuore, Milan, Italy",45.4618543,9.1770563
"2-s2.0-105014900128","60024053","Università Cattolica del Sacro Cuore","Milan","Italy",2,"Università Bocconi | Università Cattolica del Sacro Cuore","Università Cattolica del Sacro Cuore, Milan, Italy",45.4618543,9.1770563
"2-s2.0-105014900128","60021796","Università Bocconi","Milan","Italy",2,"Università Bocconi | Università Cattolica del Sacro Cuore","Università Bocconi, Milan, Italy",45.4498836,9.1892636
"2-s2.0-105017617177","60024053","Università Cattolica del Sacro Cuore","Milan","Italy",2,"Università Bocconi | Università Cattolica del Sacro Cuore","Università Cattolica del Sacro Cuore, Milan, Italy",45.4618543,9.1770563
"2-s2.0-105017617177","60021796","Università Bocconi","Milan","Italy",2,"Università Bocconi | Università Cattolica del Sacro Cuore","Università Bocconi, Milan, Italy",45.4498836,9.1892636
"2-s2.0-105014181189","60023256","Politecnico di Milano","Milan","Italy",2,"Politecnico di Milano | Università Bocconi","Politecnico di Milano, Milan, Italy",45.4790288,9.2322104
"2-s2.0-105014181189","60021796","Università Bocconi","Milan","Italy",2,"Politecnico di Milano | Università Bocconi","Università Bocconi, Milan, Italy",45.4498836,9.1892636
"2-s2.0-105011340783","60023256","Politecnico di Milano","Milan","Italy",2,"Politecnico di Milano | Università Bocconi","Politecnico di Milano, Milan, Italy",45.4790288,9.2322104
"2-s2.0-105011340783","60021796","Università Bocconi","Milan","Italy",2,"Politecnico di Milano | Università Bocconi","Università Bocconi, Milan, Italy",45.4498836,9.1892636
"2-s2.0-105010298066","60024053","Università Cattolica del Sacro Cuore","Milan","Italy",2,"Università Bocconi | Università Cattolica del Sacro Cuore","Università Cattolica del Sacro Cuore, Milan, Italy",45.4618543,9.1770563
"2-s2.0-105010298066","60021796","Università Bocconi","Milan","Italy",2,"Università Bocconi | Università Cattolica del Sacro Cuore","Università Bocconi, Milan, Italy",45.4498836,9.1892636
"2-s2.0-105002147190","60023256","Politecnico di Milano","Milan","Italy",2,"Politecnico di Milano | Università Cattolica del Sacro Cuore","Politecnico di Milano, Milan, Italy",45.4790288,9.2322104
"2-s2.0-105002147190","60024053","Università Cattolica del Sacro Cuore","Milan","Italy",2,"Politecnico di Milano | Università Cattolica del Sacro Cuore","Università Cattolica del Sacro Cuore, Milan, Italy",45.4618543,9.1770563
"2-s2.0-85188338383","60024053","Università Cattolica del Sacro Cuore","Milan","Italy",2,"Università Bocconi | Università Cattolica del Sacro Cuore","Università Cattolica del Sacro Cuore, Milan, Italy",45.4618543,9.1770563
"2-s2.0-85188338383","60021796","Università Bocconi","Milan","Italy",2,"Università Bocconi | Università Cattolica del Sacro Cuore","Università Bocconi, Milan, Italy",45.4498836,9.1892636
"2-s2.0-105022012157","60023256","Politecnico di Milano","Milan","Italy",2,"Politecnico di Milano | Università Cattolica del Sacro Cuore","Politecnico di Milano, Milan, Italy",45.4790288,9.2322104
"2-s2.0-105022012157","60024053","Università Cattolica del Sacro Cuore","Milan","Italy",2,"Politecnico di Milano | Università Cattolica del Sacro Cuore","Università Cattolica del Sacro Cuore, Milan, Italy",45.4618543,9.1770563
"2-s2.0-85218984131","60024053","Università Cattolica del Sacro Cuore","Milan","Italy",2,"Università Bocconi | Università Cattolica del Sacro Cuore","Università Cattolica del Sacro Cuore, Milan, Italy",45.4618543,9.1770563
"2-s2.0-85218984131","60021796","Università Bocconi","Milan","Italy",2,"Università Bocconi | Università Cattolica del Sacro Cuore","Università Bocconi, Milan, Italy",45.4498836,9.1892636
"2-s2.0-105017271832","60023256","Politecnico di Milano","Milan","Italy",2,"Politecnico di Milano | Università Bocconi","Politecnico di Milano, Milan, Italy",45.4790288,9.2322104
"2-s2.0-105017271832","60021796","Università Bocconi","Milan","Italy",2,"Politecnico di Milano | Università Bocconi","Università Bocconi, Milan, Italy",45.4498836,9.1892636
"2-s2.0-105013571257","60023256","Politecnico di Milano","Milan","Italy",2,"Politecnico di Milano | Università Cattolica del Sacro Cuore","Politecnico di Milano, Milan, Italy",45.4790288,9.2322104
"2-s2.0-105013571257","60024053","Università Cattolica del Sacro Cuore","Milan","Italy",2,"Politecnico di Milano | Università Cattolica del Sacro Cuore","Università Cattolica del Sacro Cuore, Milan, Italy",45.4618543,9.1770563
"2-s2.0-105007466288","60023256","Politecnico di Milano","Milan","Italy",2,"Politecnico di Milano | Università Bocconi","Politecnico di Milano, Milan, Italy",45.4790288,9.2322104
"2-s2.0-105007466288","60021796","Università Bocconi","Milan","Italy",2,"Politecnico di Milano | Università Bocconi","Università Bocconi, Milan, Italy",45.4498836,9.1892636
"2-s2.0-85218708879","60023256","Politecnico di Milano","Milan","Italy",2,"Politecnico di Milano | Università Bocconi","Politecnico di Milano, Milan, Italy",45.4790288,9.2322104
"2-s2.0-85218708879","60021796","Università Bocconi","Milan","Italy",2,"Politecnico di Milano | Università Bocconi","Università Bocconi, Milan, Italy",45.4498836,9.1892636
"2-s2.0-85217758188","60024053","Università Cattolica del Sacro Cuore","Milan","Italy",2,"Università Bocconi | Università Cattolica del Sacro Cuore","Università Cattolica del Sacro Cuore, Milan, Italy",45.4618543,9.1770563
"2-s2.0-85217758188","60021796","Università Bocconi","Milan","Italy",2,"Università Bocconi | Università Cattolica del Sacro Cuore","Università Bocconi, Milan, Italy",45.4498836,9.1892636
"2-s2.0-105008287649","60023256","Politecnico di Milano","Milan","Italy",2,"Politecnico di Milano | Università Cattolica del Sacro Cuore","Politecnico di Milano, Milan, Italy",45.4790288,9.2322104
"2-s2.0-105008287649","60024053","Università Cattolica del Sacro Cuore","Milan","Italy",2,"Politecnico di Milano | Università Cattolica del Sacro Cuore","Università Cattolica del Sacro Cuore, Milan, Italy",45.4618543,9.1770563
"2-s2.0-105011395700","60023256","Politecnico di Milano","Milan","Italy",2,"Politecnico di Milano | Università Bocconi","Politecnico di Milano, Milan, Italy",45.4790288,9.2322104
"2-s2.0-105011395700","60021796","Università Bocconi","Milan","Italy",2,"Politecnico di Milano | Università Bocconi","Università Bocconi, Milan, Italy",45.4498836,9.1892636
"2-s2.0-105008668480","60024053","Università Cattolica del Sacro Cuore","Milan","Italy",2,"Università Bocconi | Università Cattolica del Sacro Cuore","Università Cattolica del Sacro Cuore, Milan, Italy",45.4618543,9.1770563
"2-s2.0-105008668480","60021796","Università Bocconi","Milan","Italy",2,"Università Bocconi | Università Cattolica del Sacro Cuore","Università Bocconi, Milan, Italy",45.4498836,9.1892636
"2-s2.0-105003942855","60023256","Politecnico di Milano","Milan","Italy",2,"Politecnico di Milano | Università Cattolica del Sacro Cuore","Politecnico di Milano, Milan, Italy",45.4790288,9.2322104
"2-s2.0-105003942855","60024053","Università Cattolica del Sacro Cuore","Milan","Italy",2,"Politecnico di Milano | Università Cattolica del Sacro Cuore","Università Cattolica del Sacro Cuore, Milan, Italy",45.4618543,9.1770563
"2-s2.0-105000961411","60023256","Politecnico di Milano","Milan","Italy",2,"Politecnico di Milano | Università Bocconi","Politecnico di Milano, Milan, Italy",45.4790288,9.2322104
"2-s2.0-105000961411","60021796","Università Bocconi","Milan","Italy",2,"Politecnico di Milano | Università Bocconi","Università Bocconi, Milan, Italy",45.4498836,9.1892636
"2-s2.0-105001983751","60023256","Politecnico di Milano","Milan","Italy",2,"Politecnico di Milano | Università Cattolica del Sacro Cuore","Politecnico di Milano, Milan, Italy",45.4790288,9.2322104
"2-s2.0-105001983751","60024053","Università Cattolica del Sacro Cuore","Milan","Italy",2,"Politecnico di Milano | Università Cattolica del Sacro Cuore","Università Cattolica del Sacro Cuore, Milan, Italy",45.4618543,9.1770563
"2-s2.0-85217954750","60023256","Politecnico di Milano","Milan","Italy",2,"Politecnico di Milano | Università Cattolica del Sacro Cuore","Politecnico di Milano, Milan, Italy",45.4790288,9.2322104
"2-s2.0-85217954750","60024053","Università Cattolica del Sacro Cuore","Milan","Italy",2,"Politecnico di Milano | Università Cattolica del Sacro Cuore","Università Cattolica del Sacro Cuore, Milan, Italy",45.4618543,9.1770563
"2-s2.0-85214710316","60024053","Università Cattolica del Sacro Cuore","Milan","Italy",2,"Università Bocconi | Università Cattolica del Sacro Cuore","Università Cattolica del Sacro Cuore, Milan, Italy",45.4618543,9.1770563
"2-s2.0-85214710316","60021796","Università Bocconi","Milan","Italy",2,"Università Bocconi | Università Cattolica del Sacro Cuore","Università Bocconi, Milan, Italy",45.4498836,9.1892636
"2-s2.0-105003205958","60024053","Università Cattolica del Sacro Cuore","Milan","Italy",2,"Università Bocconi | Università Cattolica del Sacro Cuore","Università Cattolica del Sacro Cuore, Milan, Italy",45.4618543,9.1770563
"2-s2.0-105003205958","60021796","Università Bocconi","Milan","Italy",2,"Università Bocconi | Università Cattolica del Sacro Cuore","Università Bocconi, Milan, Italy",45.4498836,9.1892636
"2-s2.0-85196876962","60023256","Politecnico di Milano","Milan","Italy",2,"Politecnico di Milano | Università Bocconi","Politecnico di Milano, Milan, Italy",45.4790288,9.2322104
"2-s2.0-85196876962","60021796","Università Bocconi","Milan","Italy",2,"Politecnico di Milano | Università Bocconi","Università Bocconi, Milan, Italy",45.4498836,9.1892636
"2-s2.0-85180775738","60023256","Politecnico di Milano","Milan","Italy",2,"Politecnico di Milano | Università Bocconi","Politecnico di Milano, Milan, Italy",45.4790288,9.2322104
"2-s2.0-85180775738","60021796","Università Bocconi","Milan","Italy",2,"Politecnico di Milano | Università Bocconi","Università Bocconi, Milan, Italy",45.4498836,9.1892636
"2-s2.0-105022898997","60023256","Politecnico di Milano","Milan","Italy",2,"Politecnico di Milano | Università Cattolica del Sacro Cuore","Politecnico di Milano, Milan, Italy",45.4790288,9.2322104
"2-s2.0-105022898997","60024053","Università Cattolica del Sacro Cuore","Milan","Italy",2,"Politecnico di Milano | Università Cattolica del Sacro Cuore","Università Cattolica del Sacro Cuore, Milan, Italy",45.4618543,9.1770563
"2-s2.0-85218677877","60023256","Politecnico di Milano","Milan","Italy",2,"Politecnico di Milano | Università Bocconi","Politecnico di Milano, Milan, Italy",45.4790288,9.2322104
"2-s2.0-85218677877","60021796","Università Bocconi","Milan","Italy",2,"Politecnico di Milano | Università Bocconi","Università Bocconi, Milan, Italy",45.4498836,9.1892636
"2-s2.0-85216333454","60023256","Politecnico di Milano","Milan","Italy",2,"Politecnico di Milano | Università Cattolica del Sacro Cuore","Politecnico di Milano, Milan, Italy",45.4790288,9.2322104
"2-s2.0-85216333454","60024053","Università Cattolica del Sacro Cuore","Milan","Italy",2,"Politecnico di Milano | Università Cattolica del Sacro Cuore","Università Cattolica del Sacro Cuore, Milan, Italy",45.4618543,9.1770563
"2-s2.0-85207804193","60023256","Politecnico di Milano","Milan","Italy",2,"Politecnico di Milano | Università Bocconi","Politecnico di Milano, Milan, Italy",45.4790288,9.2322104
"2-s2.0-85207804193","60021796","Università Bocconi","Milan","Italy",2,"Politecnico di Milano | Università Bocconi","Università Bocconi, Milan, Italy",45.4498836,9.1892636
"2-s2.0-85188649382","60023256","Politecnico di Milano","Milan","Italy",2,"Politecnico di Milano | Università Cattolica del Sacro Cuore","Politecnico di Milano, Milan, Italy",45.4790288,9.2322104
"2-s2.0-85188649382","60024053","Università Cattolica del Sacro Cuore","Milan","Italy",2,"Politecnico di Milano | Università Cattolica del Sacro Cuore","Università Cattolica del Sacro Cuore, Milan, Italy",45.4618543,9.1770563
"2-s2.0-105026514392","60023256","Politecnico di Milano","Milan","Italy",2,"Politecnico di Milano | Università Bocconi","Politecnico di Milano, Milan, Italy",45.4790288,9.2322104
"2-s2.0-105026514392","60021796","Università Bocconi","Milan","Italy",2,"Politecnico di Milano | Università Bocconi","Università Bocconi, Milan, Italy",45.4498836,9.1892636
"2-s2.0-105026512140","60023256","Politecnico di Milano","Milan","Italy",2,"Politecnico di Milano | Università Bocconi","Politecnico di Milano, Milan, Italy",45.4790288,9.2322104
"2-s2.0-105026512140","60021796","Università Bocconi","Milan","Italy",2,"Politecnico di Milano | Università Bocconi","Università Bocconi, Milan, Italy",45.4498836,9.1892636
"2-s2.0-105026010048","60023256","Politecnico di Milano","Milan","Italy",2,"Politecnico di Milano | Università Cattolica del Sacro Cuore","Politecnico di Milano, Milan, Italy",45.4790288,9.2322104
"2-s2.0-105026010048","60024053","Università Cattolica del Sacro Cuore","Milan","Italy",2,"Politecnico di Milano | Università Cattolica del Sacro Cuore","Università Cattolica del Sacro Cuore, Milan, Italy",45.4618543,9.1770563
"2-s2.0-105024679572","60023256","Politecnico di Milano","Milan","Italy",2,"Politecnico di Milano | Università Bocconi","Politecnico di Milano, Milan, Italy",45.4790288,9.2322104
"2-s2.0-105024679572","60021796","Università Bocconi","Milan","Italy",2,"Politecnico di Milano | Università Bocconi","Università Bocconi, Milan, Italy",45.4498836,9.1892636
"2-s2.0-105023574717","60023256","Politecnico di Milano","Milan","Italy",2,"Politecnico di Milano | Università Bocconi","Politecnico di Milano, Milan, Italy",45.4790288,9.2322104
"2-s2.0-105023574717","60021796","Università Bocconi","Milan","Italy",2,"Politecnico di Milano | Università Bocconi","Università Bocconi, Milan, Italy",45.4498836,9.1892636
"2-s2.0-105023287331","60024053","Università Cattolica del Sacro Cuore","Milan","Italy",2,"Università Bocconi | Università Cattolica del Sacro Cuore","Università Cattolica del Sacro Cuore, Milan, Italy",45.4618543,9.1770563
"2-s2.0-105023287331","60021796","Università Bocconi","Milan","Italy",2,"Università Bocconi | Università Cattolica del Sacro Cuore","Università Bocconi, Milan, Italy",45.4498836,9.1892636
"2-s2.0-105020584621","60023256","Politecnico di Milano","Milan","Italy",2,"Politecnico di Milano | Università Cattolica del Sacro Cuore","Politecnico di Milano, Milan, Italy",45.4790288,9.2322104
"2-s2.0-105020584621","60024053","Università Cattolica del Sacro Cuore","Milan","Italy",2,"Politecnico di Milano | Università Cattolica del Sacro Cuore","Università Cattolica del Sacro Cuore, Milan, Italy",45.4618543,9.1770563
"2-s2.0-105017807841","60023256","Politecnico di Milano","Milan","Italy",2,"Politecnico di Milano | Università Cattolica del Sacro Cuore","Politecnico di Milano, Milan, Italy",45.4790288,9.2322104
"2-s2.0-105017807841","60024053","Università Cattolica del Sacro Cuore","Milan","Italy",2,"Politecnico di Milano | Università Cattolica del Sacro Cuore","Università Cattolica del Sacro Cuore, Milan, Italy",45.4618543,9.1770563
"2-s2.0-105013199553","60023256","Politecnico di Milano","Milan","Italy",2,"Politecnico di Milano | Università Bocconi","Politecnico di Milano, Milan, Italy",45.4790288,9.2322104
"2-s2.0-105013199553","60021796","Università Bocconi","Milan","Italy",2,"Politecnico di Milano | Università Bocconi","Università Bocconi, Milan, Italy",45.4498836,9.1892636
"2-s2.0-105010270567","60023256","Politecnico di Milano","Milan","Italy",2,"Politecnico di Milano | Università Bocconi","Politecnico di Milano, Milan, Italy",45.4790288,9.2322104
"2-s2.0-105010270567","60021796","Università Bocconi","Milan","Italy",2,"Politecnico di Milano | Università Bocconi","Università Bocconi, Milan, Italy",45.4498836,9.1892636
"2-s2.0-105001077132","60024053","Università Cattolica del Sacro Cuore","Milan","Italy",2,"Università Bocconi | Università Cattolica del Sacro Cuore","Università Cattolica del Sacro Cuore, Milan, Italy",45.4618543,9.1770563
"2-s2.0-105001077132","60021796","Università Bocconi","Milan","Italy",2,"Università Bocconi | Università Cattolica del Sacro Cuore","Università Bocconi, Milan, Italy",45.4498836,9.1892636
"2-s2.0-85211316460","60023256","Politecnico di Milano","Milan","Italy",2,"Politecnico di Milano | Università Bocconi","Politecnico di Milano, Milan, Italy",45.4790288,9.2322104
"2-s2.0-85211316460","60021796","Università Bocconi","Milan","Italy",2,"Politecnico di Milano | Università Bocconi","Università Bocconi, Milan, Italy",45.4498836,9.1892636
"2-s2.0-85209800761","60024053","Università Cattolica del Sacro Cuore","Milan","Italy",2,"Università Bocconi | Università Cattolica del Sacro Cuore","Università Cattolica del Sacro Cuore, Milan, Italy",45.4618543,9.1770563
"2-s2.0-85209800761","60021796","Università Bocconi","Milan","Italy",2,"Università Bocconi | Università Cattolica del Sacro Cuore","Università Bocconi, Milan, Italy",45.4498836,9.1892636
"2-s2.0-85205575437","60023256","Politecnico di Milano","Milan","Italy",2,"Politecnico di Milano | Università Bocconi","Politecnico di Milano, Milan, Italy",45.4790288,9.2322104
"2-s2.0-85205575437","60021796","Università Bocconi","Milan","Italy",2,"Politecnico di Milano | Università Bocconi","Università Bocconi, Milan, Italy",45.4498836,9.1892636
"2-s2.0-85204243493","60024053","Università Cattolica del Sacro Cuore","Milan","Italy",2,"Università Bocconi | Università Cattolica del Sacro Cuore","Università Cattolica del Sacro Cuore, Milan, Italy",45.4618543,9.1770563
"2-s2.0-85204243493","60021796","Università Bocconi","Milan","Italy",2,"Università Bocconi | Università Cattolica del Sacro Cuore","Università Bocconi, Milan, Italy",45.4498836,9.1892636
"2-s2.0-85185518426","60023256","Politecnico di Milano","Milan","Italy",2,"Politecnico di Milano | Università Bocconi","Politecnico di Milano, Milan, Italy",45.4790288,9.2322104
"2-s2.0-85185518426","60021796","Università Bocconi","Milan","Italy",2,"Politecnico di Milano | Università Bocconi","Università Bocconi, Milan, Italy",45.4498836,9.1892636
"2-s2.0-85179307289","60024053","Università Cattolica del Sacro Cuore","Milan","Italy",2,"Università Bocconi | Università Cattolica del Sacro Cuore","Università Cattolica del Sacro Cuore, Milan, Italy",45.4618543,9.1770563
"2-s2.0-85179307289","60021796","Università Bocconi","Milan","Italy",2,"Università Bocconi | Università Cattolica del Sacro Cuore","Università Bocconi, Milan, Italy",45.4498836,9.1892636
"2-s2.0-85208532762","60023256","Politecnico di Milano","Milan","Italy",2,"Politecnico di Milano | Università Bocconi","Politecnico di Milano, Milan, Italy",45.4790288,9.2322104
"2-s2.0-85208532762","60021796","Università Bocconi","Milan","Italy",2,"Politecnico di Milano | Università Bocconi","Università Bocconi, Milan, Italy",45.4498836,9.1892636
"2-s2.0-85213472240","60024053","Università Cattolica del Sacro Cuore","Milan","Italy",2,"Università Bocconi | Università Cattolica del Sacro Cuore","Università Cattolica del Sacro Cuore, Milan, Italy",45.4618543,9.1770563
"2-s2.0-85213472240","60021796","Università Bocconi","Milan","Italy",2,"Università Bocconi | Università Cattolica del Sacro Cuore","Università Bocconi, Milan, Italy",45.4498836,9.1892636
"2-s2.0-85204370155","60023256","Politecnico di Milano","Milan","Italy",2,"Politecnico di Milano | Università Bocconi","Politecnico di Milano, Milan, Italy",45.4790288,9.2322104
"2-s2.0-85204370155","60021796","Università Bocconi","Milan","Italy",2,"Politecnico di Milano | Università Bocconi","Università Bocconi, Milan, Italy",45.4498836,9.1892636
"2-s2.0-85198232033","60023256","Politecnico di Milano","Milan","Italy",2,"Politecnico di Milano | Università Cattolica del Sacro Cuore","Politecnico di Milano, Milan, Italy",45.4790288,9.2322104
"2-s2.0-85198232033","60024053","Università Cattolica del Sacro Cuore","Milan","Italy",2,"Politecnico di Milano | Università Cattolica del Sacro Cuore","Università Cattolica del Sacro Cuore, Milan, Italy",45.4618543,9.1770563
"2-s2.0-85197585411","60023256","Politecnico di Milano","Milan","Italy",2,"Politecnico di Milano | Università Bocconi","Politecnico di Milano, Milan, Italy",45.4790288,9.2322104
"2-s2.0-85197585411","60021796","Università Bocconi","Milan","Italy",2,"Politecnico di Milano | Università Bocconi","Università Bocconi, Milan, Italy",45.4498836,9.1892636
"2-s2.0-85190703224","60023256","Politecnico di Milano","Milan","Italy",2,"Politecnico di Milano | Università Bocconi","Politecnico di Milano, Milan, Italy",45.4790288,9.2322104
"2-s2.0-85190703224","60021796","Università Bocconi","Milan","Italy",2,"Politecnico di Milano | Università Bocconi","Università Bocconi, Milan, Italy",45.4498836,9.1892636
"2-s2.0-85188584386","60024053","Università Cattolica del Sacro Cuore","Milan","Italy",2,"Università Bocconi | Università Cattolica del Sacro Cuore","Università Cattolica del Sacro Cuore, Milan, Italy",45.4618543,9.1770563
"2-s2.0-85188584386","60021796","Università Bocconi","Milan","Italy",2,"Università Bocconi | Università Cattolica del Sacro Cuore","Università Bocconi, Milan, Italy",45.4498836,9.1892636
"2-s2.0-85178477392","60023256","Politecnico di Milano","Milan","Italy",2,"Politecnico di Milano | Università Cattolica del Sacro Cuore","Politecnico di Milano, Milan, Italy",45.4790288,9.2322104
"2-s2.0-85178477392","60024053","Università Cattolica del Sacro Cuore","Milan","Italy",2,"Politecnico di Milano | Università Cattolica del Sacro Cuore","Università Cattolica del Sacro Cuore, Milan, Italy",45.4618543,9.1770563
"2-s2.0-85202990653","60024053","Università Cattolica del Sacro Cuore","Milan","Italy",2,"Università Bocconi | Università Cattolica del Sacro Cuore","Università Cattolica del Sacro Cuore, Milan, Italy",45.4618543,9.1770563
"2-s2.0-85202990653","60021796","Università Bocconi","Milan","Italy",2,"Università Bocconi | Università Cattolica del Sacro Cuore","Università Bocconi, Milan, Italy",45.4498836,9.1892636
"2-s2.0-85202987726","60024053","Università Cattolica del Sacro Cuore","Milan","Italy",2,"Università Bocconi | Università Cattolica del Sacro Cuore","Università Cattolica del Sacro Cuore, Milan, Italy",45.4618543,9.1770563
"2-s2.0-85202987726","60021796","Università Bocconi","Milan","Italy",2,"Università Bocconi | Università Cattolica del Sacro Cuore","Università Bocconi, Milan, Italy",45.4498836,9.1892636
"2-s2.0-85190119989","60023256","Politecnico di Milano","Milan","Italy",2,"Politecnico di Milano | Università Bocconi","Politecnico di Milano, Milan, Italy",45.4790288,9.2322104
"2-s2.0-85190119989","60021796","Università Bocconi","Milan","Italy",2,"Politecnico di Milano | Università Bocconi","Università Bocconi, Milan, Italy",45.4498836,9.1892636
"2-s2.0-85195617354","60023256","Politecnico di Milano","Milan","Italy",2,"Politecnico di Milano | Università Bocconi","Politecnico di Milano, Milan, Italy",45.4790288,9.2322104
"2-s2.0-85195617354","60021796","Università Bocconi","Milan","Italy",2,"Politecnico di Milano | Università Bocconi","Università Bocconi, Milan, Italy",45.4498836,9.1892636
"2-s2.0-85192275710","60023256","Politecnico di Milano","Milan","Italy",2,"Politecnico di Milano | Università Bocconi","Politecnico di Milano, Milan, Italy",45.4790288,9.2322104
"2-s2.0-85192275710","60021796","Università Bocconi","Milan","Italy",2,"Politecnico di Milano | Università Bocconi","Università Bocconi, Milan, Italy",45.4498836,9.1892636
"2-s2.0-85191659397","60023256","Politecnico di Milano","Milan","Italy",2,"Politecnico di Milano | Università Bocconi","Politecnico di Milano, Milan, Italy",45.4790288,9.2322104
"2-s2.0-85191659397","60021796","Università Bocconi","Milan","Italy",2,"Politecnico di Milano | Università Bocconi","Università Bocconi, Milan, Italy",45.4498836,9.1892636
"2-s2.0-85186637229","60023256","Politecnico di Milano","Milan","Italy",2,"Politecnico di Milano | Università Cattolica del Sacro Cuore","Politecnico di Milano, Milan, Italy",45.4790288,9.2322104
"2-s2.0-85186637229","60024053","Università Cattolica del Sacro Cuore","Milan","Italy",2,"Politecnico di Milano | Università Cattolica del Sacro Cuore","Università Cattolica del Sacro Cuore, Milan, Italy",45.4618543,9.1770563
"2-s2.0-85185950924","60024053","Università Cattolica del Sacro Cuore","Milan","Italy",2,"Università Bocconi | Università Cattolica del Sacro Cuore","Università Cattolica del Sacro Cuore, Milan, Italy",45.4618543,9.1770563
"2-s2.0-85185950924","60021796","Università Bocconi","Milan","Italy",2,"Università Bocconi | Università Cattolica del Sacro Cuore","Università Bocconi, Milan, Italy",45.4498836,9.1892636
"2-s2.0-85215542019","60023256","Politecnico di Milano","Milan","Italy",2,"Politecnico di Milano | Università Cattolica del Sacro Cuore","Politecnico di Milano, Milan, Italy",45.4790288,9.2322104
"2-s2.0-85215542019","60024053","Università Cattolica del Sacro Cuore","Milan","Italy",2,"Politecnico di Milano | Università Cattolica del Sacro Cuore","Università Cattolica del Sacro Cuore, Milan, Italy",45.4618543,9.1770563
"2-s2.0-85214995659","60023256","Politecnico di Milano","Milan","Italy",2,"Politecnico di Milano | Università Cattolica del Sacro Cuore","Politecnico di Milano, Milan, Italy",45.4790288,9.2322104
"2-s2.0-85214995659","60024053","Università Cattolica del Sacro Cuore","Milan","Italy",2,"Politecnico di Milano | Università Cattolica del Sacro Cuore","Università Cattolica del Sacro Cuore, Milan, Italy",45.4618543,9.1770563
"2-s2.0-85210879571","60023256","Politecnico di Milano","Milan","Italy",2,"Politecnico di Milano | Università Cattolica del Sacro Cuore","Politecnico di Milano, Milan, Italy",45.4790288,9.2322104
"2-s2.0-85210879571","60024053","Università Cattolica del Sacro Cuore","Milan","Italy",2,"Politecnico di Milano | Università Cattolica del Sacro Cuore","Università Cattolica del Sacro Cuore, Milan, Italy",45.4618543,9.1770563
"2-s2.0-85203789156","60023256","Politecnico di Milano","Milan","Italy",2,"Politecnico di Milano | Università Bocconi","Politecnico di Milano, Milan, Italy",45.4790288,9.2322104
"2-s2.0-85203789156","60021796","Università Bocconi","Milan","Italy",2,"Politecnico di Milano | Università Bocconi","Università Bocconi, Milan, Italy",45.4498836,9.1892636
"2-s2.0-85200999874","60023256","Politecnico di Milano","Milan","Italy",2,"Politecnico di Milano | Università Cattolica del Sacro Cuore","Politecnico di Milano, Milan, Italy",45.4790288,9.2322104
"2-s2.0-85200999874","60024053","Università Cattolica del Sacro Cuore","Milan","Italy",2,"Politecnico di Milano | Università Cattolica del Sacro Cuore","Università Cattolica del Sacro Cuore, Milan, Italy",45.4618543,9.1770563
"2-s2.0-85200978138","60023256","Politecnico di Milano","Milan","Italy",2,"Politecnico di Milano | Università Cattolica del Sacro Cuore","Politecnico di Milano, Milan, Italy",45.4790288,9.2322104
"2-s2.0-85200978138","60024053","Università Cattolica del Sacro Cuore","Milan","Italy",2,"Politecnico di Milano | Università Cattolica del Sacro Cuore","Università Cattolica del Sacro Cuore, Milan, Italy",45.4618543,9.1770563
"2-s2.0-85200008171","60023256","Politecnico di Milano","Milan","Italy",2,"Politecnico di Milano | Università Bocconi","Politecnico di Milano, Milan, Italy",45.4790288,9.2322104
"2-s2.0-85200008171","60021796","Università Bocconi","Milan","Italy",2,"Politecnico di Milano | Università Bocconi","Università Bocconi, Milan, Italy",45.4498836,9.1892636
"2-s2.0-85191282884","60023256","Politecnico di Milano","Milan","Italy",2,"Politecnico di Milano | Università Bocconi","Politecnico di Milano, Milan, Italy",45.4790288,9.2322104
"2-s2.0-85191282884","60021796","Università Bocconi","Milan","Italy",2,"Politecnico di Milano | Università Bocconi","Università Bocconi, Milan, Italy",45.4498836,9.1892636
"2-s2.0-85189244206","60024053","Università Cattolica del Sacro Cuore","Milan","Italy",2,"Università Bocconi | Università Cattolica del Sacro Cuore","Università Cattolica del Sacro Cuore, Milan, Italy",45.4618543,9.1770563
"2-s2.0-85189244206","60021796","Università Bocconi","Milan","Italy",2,"Università Bocconi | Università Cattolica del Sacro Cuore","Università Bocconi, Milan, Italy",45.4498836,9.1892636
"2-s2.0-85181971682","60023256","Politecnico di Milano","Milan","Italy",2,"Politecnico di Milano | Università Cattolica del Sacro Cuore","Politecnico di Milano, Milan, Italy",45.4790288,9.2322104
"2-s2.0-85181971682","60024053","Università Cattolica del Sacro Cuore","Milan","Italy",2,"Politecnico di Milano | Università Cattolica del Sacro Cuore","Università Cattolica del Sacro Cuore, Milan, Italy",45.4618543,9.1770563
"2-s2.0-85181763639","60023256","Politecnico di Milano","Milan","Italy",2,"Politecnico di Milano | Università Cattolica del Sacro Cuore","Politecnico di Milano, Milan, Italy",45.4790288,9.2322104
"2-s2.0-85181763639","60024053","Università Cattolica del Sacro Cuore","Milan","Italy",2,"Politecnico di Milano | Università Cattolica del Sacro Cuore","Università Cattolica del Sacro Cuore, Milan, Italy",45.4618543,9.1770563
"2-s2.0-85167607539","60024053","Università Cattolica del Sacro Cuore","Milan","Italy",2,"Università Bocconi | Università Cattolica del Sacro Cuore","Università Cattolica del Sacro Cuore, Milan, Italy",45.4618543,9.1770563
"2-s2.0-85167607539","60021796","Università Bocconi","Milan","Italy",2,"Università Bocconi | Università Cattolica del Sacro Cuore","Università Bocconi, Milan, Italy",45.4498836,9.1892636
"2-s2.0-85161540421","60024053","Università Cattolica del Sacro Cuore","Milan","Italy",2,"Università Bocconi | Università Cattolica del Sacro Cuore","Università Cattolica del Sacro Cuore, Milan, Italy",45.4618543,9.1770563
"2-s2.0-85161540421","60021796","Università Bocconi","Milan","Italy",2,"Università Bocconi | Università Cattolica del Sacro Cuore","Università Bocconi, Milan, Italy",45.4498836,9.1892636
"2-s2.0-105012977816","60023256","Politecnico di Milano","Milan","Italy",2,"Politecnico di Milano | Università Cattolica del Sacro Cuore","Politecnico di Milano, Milan, Italy",45.4790288,9.2322104
"2-s2.0-105012977816","60024053","Università Cattolica del Sacro Cuore","Milan","Italy",2,"Politecnico di Milano | Università Cattolica del Sacro Cuore","Università Cattolica del Sacro Cuore, Milan, Italy",45.4618543,9.1770563
"2-s2.0-105000493006","60023256","Politecnico di Milano","Milan","Italy",2,"Politecnico di Milano | Università Bocconi","Politecnico di Milano, Milan, Italy",45.4790288,9.2322104
"2-s2.0-105000493006","60021796","Università Bocconi","Milan","Italy",2,"Politecnico di Milano | Università Bocconi","Università Bocconi, Milan, Italy",45.4498836,9.1892636
"2-s2.0-85177485550","60023256","Politecnico di Milano","Milan","Italy",2,"Politecnico di Milano | Università Cattolica del Sacro Cuore","Politecnico di Milano, Milan, Italy",45.4790288,9.2322104
"2-s2.0-85177485550","60024053","Università Cattolica del Sacro Cuore","Milan","Italy",2,"Politecnico di Milano | Università Cattolica del Sacro Cuore","Università Cattolica del Sacro Cuore, Milan, Italy",45.4618543,9.1770563
"2-s2.0-85179586147","60023256","Politecnico di Milano","Milan","Italy",2,"Politecnico di Milano | Università Bocconi","Politecnico di Milano, Milan, Italy",45.4790288,9.2322104
"2-s2.0-85179586147","60021796","Università Bocconi","Milan","Italy",2,"Politecnico di Milano | Università Bocconi","Università Bocconi, Milan, Italy",45.4498836,9.1892636
"2-s2.0-85176234889","60023256","Politecnico di Milano","Milan","Italy",2,"Politecnico di Milano | Università Bocconi","Politecnico di Milano, Milan, Italy",45.4790288,9.2322104
"2-s2.0-85176234889","60021796","Università Bocconi","Milan","Italy",2,"Politecnico di Milano | Università Bocconi","Università Bocconi, Milan, Italy",45.4498836,9.1892636
"2-s2.0-85149693988","60023256","Politecnico di Milano","Milan","Italy",2,"Politecnico di Milano | Università Bocconi","Politecnico di Milano, Milan, Italy",45.4790288,9.2322104
"2-s2.0-85149693988","60021796","Università Bocconi","Milan","Italy",2,"Politecnico di Milano | Università Bocconi","Università Bocconi, Milan, Italy",45.4498836,9.1892636
"2-s2.0-85166955004","60023256","Politecnico di Milano","Milan","Italy",2,"Politecnico di Milano | Università Bocconi","Politecnico di Milano, Milan, Italy",45.4790288,9.2322104
"2-s2.0-85166955004","60021796","Università Bocconi","Milan","Italy",2,"Politecnico di Milano | Università Bocconi","Università Bocconi, Milan, Italy",45.4498836,9.1892636
"2-s2.0-85166534562","60024053","Università Cattolica del Sacro Cuore","Milan","Italy",2,"Università Bocconi | Università Cattolica del Sacro Cuore","Università Cattolica del Sacro Cuore, Milan, Italy",45.4618543,9.1770563
"2-s2.0-85166534562","60021796","Università Bocconi","Milan","Italy",2,"Università Bocconi | Università Cattolica del Sacro Cuore","Università Bocconi, Milan, Italy",45.4498836,9.1892636
"2-s2.0-85153087167","60023256","Politecnico di Milano","Milan","Italy",2,"Politecnico di Milano | Università Bocconi","Politecnico di Milano, Milan, Italy",45.4790288,9.2322104
"2-s2.0-85153087167","60021796","Università Bocconi","Milan","Italy",2,"Politecnico di Milano | Università Bocconi","Università Bocconi, Milan, Italy",45.4498836,9.1892636
"2-s2.0-85167699548","60024053","Università Cattolica del Sacro Cuore","Milan","Italy",2,"Università Bocconi | Università Cattolica del Sacro Cuore","Università Cattolica del Sacro Cuore, Milan, Italy",45.4618543,9.1770563
"2-s2.0-85167699548","60021796","Università Bocconi","Milan","Italy",2,"Università Bocconi | Università Cattolica del Sacro Cuore","Università Bocconi, Milan, Italy",45.4498836,9.1892636
"2-s2.0-85146171740","60024053","Università Cattolica del Sacro Cuore","Milan","Italy",2,"Università Bocconi | Università Cattolica del Sacro Cuore","Università Cattolica del Sacro Cuore, Milan, Italy",45.4618543,9.1770563
"2-s2.0-85146171740","60021796","Università Bocconi","Milan","Italy",2,"Università Bocconi | Università Cattolica del Sacro Cuore","Università Bocconi, Milan, Italy",45.4498836,9.1892636
"2-s2.0-85151422015","60024053","Università Cattolica del Sacro Cuore","Milan","Italy",2,"Università Bocconi | Università Cattolica del Sacro Cuore","Università Cattolica del Sacro Cuore, Milan, Italy",45.4618543,9.1770563
"2-s2.0-85151422015","60021796","Università Bocconi","Milan","Italy",2,"Università Bocconi | Università Cattolica del Sacro Cuore","Università Bocconi, Milan, Italy",45.4498836,9.1892636
"2-s2.0-85129057480","60023256","Politecnico di Milano","Milan","Italy",2,"Politecnico di Milano | Università Cattolica del Sacro Cuore","Politecnico di Milano, Milan, Italy",45.4790288,9.2322104
"2-s2.0-85129057480","60024053","Università Cattolica del Sacro Cuore","Milan","Italy",2,"Politecnico di Milano | Università Cattolica del Sacro Cuore","Università Cattolica del Sacro Cuore, Milan, Italy",45.4618543,9.1770563
"2-s2.0-85085093985","60023256","Politecnico di Milano","Milan","Italy",2,"Politecnico di Milano | Università Cattolica del Sacro Cuore","Politecnico di Milano, Milan, Italy",45.4790288,9.2322104
"2-s2.0-85085093985","60024053","Università Cattolica del Sacro Cuore","Milan","Italy",2,"Politecnico di Milano | Università Cattolica del Sacro Cuore","Università Cattolica del Sacro Cuore, Milan, Italy",45.4618543,9.1770563
"2-s2.0-85149789883","60023256","Politecnico di Milano","Milan","Italy",2,"Politecnico di Milano | Università Bocconi","Politecnico di Milano, Milan, Italy",45.4790288,9.2322104
"2-s2.0-85149789883","60021796","Università Bocconi","Milan","Italy",2,"Politecnico di Milano | Università Bocconi","Università Bocconi, Milan, Italy",45.4498836,9.1892636
"2-s2.0-85147544135","60023256","Politecnico di Milano","Milan","Italy",2,"Politecnico di Milano | Università Cattolica del Sacro Cuore","Politecnico di Milano, Milan, Italy",45.4790288,9.2322104
"2-s2.0-85147544135","60024053","Università Cattolica del Sacro Cuore","Milan","Italy",2,"Politecnico di Milano | Università Cattolica del Sacro Cuore","Università Cattolica del Sacro Cuore, Milan, Italy",45.4618543,9.1770563
"2-s2.0-85131805375","60023256","Politecnico di Milano","Milan","Italy",2,"Politecnico di Milano | Università Bocconi","Politecnico di Milano, Milan, Italy",45.4790288,9.2322104
"2-s2.0-85131805375","60021796","Università Bocconi","Milan","Italy",2,"Politecnico di Milano | Università Bocconi","Università Bocconi, Milan, Italy",45.4498836,9.1892636
"2-s2.0-85149931774","60024053","Università Cattolica del Sacro Cuore","Milan","Italy",2,"Università Bocconi | Università Cattolica del Sacro Cuore","Università Cattolica del Sacro Cuore, Milan, Italy",45.4618543,9.1770563
"2-s2.0-85149931774","60021796","Università Bocconi","Milan","Italy",2,"Università Bocconi | Università Cattolica del Sacro Cuore","Università Bocconi, Milan, Italy",45.4498836,9.1892636
"2-s2.0-85146421179","60023256","Politecnico di Milano","Milan","Italy",2,"Politecnico di Milano | Università Bocconi","Politecnico di Milano, Milan, Italy",45.4790288,9.2322104
"2-s2.0-85146421179","60021796","Università Bocconi","Milan","Italy",2,"Politecnico di Milano | Università Bocconi","Università Bocconi, Milan, Italy",45.4498836,9.1892636
"2-s2.0-85148749967","60023256","Politecnico di Milano","Milan","Italy",2,"Politecnico di Milano | Università Cattolica del Sacro Cuore","Politecnico di Milano, Milan, Italy",45.4790288,9.2322104
"2-s2.0-85148749967","60024053","Università Cattolica del Sacro Cuore","Milan","Italy",2,"Politecnico di Milano | Università Cattolica del Sacro Cuore","Università Cattolica del Sacro Cuore, Milan, Italy",45.4618543,9.1770563
"2-s2.0-85192493847","60024053","Università Cattolica del Sacro Cuore","Milan","Italy",2,"Università Bocconi | Università Cattolica del Sacro Cuore","Università Cattolica del Sacro Cuore, Milan, Italy",45.4618543,9.1770563
"2-s2.0-85192493847","60021796","Università Bocconi","Milan","Italy",2,"Università Bocconi | Università Cattolica del Sacro Cuore","Università Bocconi, Milan, Italy",45.4498836,9.1892636
"2-s2.0-85191154505","60023256","Politecnico di Milano","Milan","Italy",2,"Politecnico di Milano | Università Bocconi","Politecnico di Milano, Milan, Italy",45.4790288,9.2322104
"2-s2.0-85191154505","60021796","Università Bocconi","Milan","Italy",2,"Politecnico di Milano | Università Bocconi","Università Bocconi, Milan, Italy",45.4498836,9.1892636
"2-s2.0-85190658451","60023256","Politecnico di Milano","Milan","Italy",2,"Politecnico di Milano | Università Bocconi","Politecnico di Milano, Milan, Italy",45.4790288,9.2322104
"2-s2.0-85190658451","60021796","Università Bocconi","Milan","Italy",2,"Politecnico di Milano | Università Bocconi","Università Bocconi, Milan, Italy",45.4498836,9.1892636
"2-s2.0-85185460847","60023256","Politecnico di Milano","Milan","Italy",2,"Politecnico di Milano | Università Cattolica del Sacro Cuore","Politecnico di Milano, Milan, Italy",45.4790288,9.2322104
"2-s2.0-85185460847","60024053","Università Cattolica del Sacro Cuore","Milan","Italy",2,"Politecnico di Milano | Università Cattolica del Sacro Cuore","Università Cattolica del Sacro Cuore, Milan, Italy",45.4618543,9.1770563
"2-s2.0-85180153036","60023256","Politecnico di Milano","Milan","Italy",2,"Politecnico di Milano | Università Bocconi","Politecnico di Milano, Milan, Italy",45.4790288,9.2322104
"2-s2.0-85180153036","60021796","Università Bocconi","Milan","Italy",2,"Politecnico di Milano | Università Bocconi","Università Bocconi, Milan, Italy",45.4498836,9.1892636
"2-s2.0-85179711052","60023256","Politecnico di Milano","Milan","Italy",2,"Politecnico di Milano | Università Bocconi","Politecnico di Milano, Milan, Italy",45.4790288,9.2322104
"2-s2.0-85179711052","60021796","Università Bocconi","Milan","Italy",2,"Politecnico di Milano | Università Bocconi","Università Bocconi, Milan, Italy",45.4498836,9.1892636
"2-s2.0-85174388802","60023256","Politecnico di Milano","Milan","Italy",2,"Politecnico di Milano | Università Bocconi","Politecnico di Milano, Milan, Italy",45.4790288,9.2322104
"2-s2.0-85174388802","60021796","Università Bocconi","Milan","Italy",2,"Politecnico di Milano | Università Bocconi","Università Bocconi, Milan, Italy",45.4498836,9.1892636
"2-s2.0-85174201513","60024053","Università Cattolica del Sacro Cuore","Milan","Italy",2,"Università Bocconi | Università Cattolica del Sacro Cuore","Università Cattolica del Sacro Cuore, Milan, Italy",45.4618543,9.1770563
"2-s2.0-85174201513","60021796","Università Bocconi","Milan","Italy",2,"Università Bocconi | Università Cattolica del Sacro Cuore","Università Bocconi, Milan, Italy",45.4498836,9.1892636
"2-s2.0-85173024508","60023256","Politecnico di Milano","Milan","Italy",2,"Politecnico di Milano | Università Cattolica del Sacro Cuore","Politecnico di Milano, Milan, Italy",45.4790288,9.2322104
"2-s2.0-85173024508","60024053","Università Cattolica del Sacro Cuore","Milan","Italy",2,"Politecnico di Milano | Università Cattolica del Sacro Cuore","Università Cattolica del Sacro Cuore, Milan, Italy",45.4618543,9.1770563
"2-s2.0-85166380478","60023256","Politecnico di Milano","Milan","Italy",2,"Politecnico di Milano | Università Cattolica del Sacro Cuore","Politecnico di Milano, Milan, Italy",45.4790288,9.2322104
"2-s2.0-85166380478","60024053","Università Cattolica del Sacro Cuore","Milan","Italy",2,"Politecnico di Milano | Università Cattolica del Sacro Cuore","Università Cattolica del Sacro Cuore, Milan, Italy",45.4618543,9.1770563
"2-s2.0-85150979630","60023256","Politecnico di Milano","Milan","Italy",3,"Politecnico di Milano | Università Bocconi | Università Cattolica del Sacro Cuore","Politecnico di Milano, Milan, Italy",45.4790288,9.2322104
"2-s2.0-85150979630","60024053","Università Cattolica del Sacro Cuore","Milan","Italy",3,"Politecnico di Milano | Università Bocconi | Università Cattolica del Sacro Cuore","Università Cattolica del Sacro Cuore, Milan, Italy",45.4618543,9.1770563
"2-s2.0-85150979630","60021796","Università Bocconi","Milan","Italy",3,"Politecnico di Milano | Università Bocconi | Università Cattolica del Sacro Cuore","Università Bocconi, Milan, Italy",45.4498836,9.1892636
"2-s2.0-85147280192","60024053","Università Cattolica del Sacro Cuore","Milan","Italy",2,"Università Bocconi | Università Cattolica del Sacro Cuore","Università Cattolica del Sacro Cuore, Milan, Italy",45.4618543,9.1770563
"2-s2.0-85147280192","60021796","Università Bocconi","Milan","Italy",2,"Università Bocconi | Università Cattolica del Sacro Cuore","Università Bocconi, Milan, Italy",45.4498836,9.1892636
"2-s2.0-85143690291","60023256","Politecnico di Milano","Milan","Italy",2,"Politecnico di Milano | Università Bocconi","Politecnico di Milano, Milan, Italy",45.4790288,9.2322104
"2-s2.0-85143690291","60021796","Università Bocconi","Milan","Italy",2,"Politecnico di Milano | Università Bocconi","Università Bocconi, Milan, Italy",45.4498836,9.1892636
"2-s2.0-85142130276","60023256","Politecnico di Milano","Milan","Italy",2,"Politecnico di Milano | Università Bocconi","Politecnico di Milano, Milan, Italy",45.4790288,9.2322104
"2-s2.0-85142130276","60021796","Università Bocconi","Milan","Italy",2,"Politecnico di Milano | Università Bocconi","Università Bocconi, Milan, Italy",45.4498836,9.1892636
"2-s2.0-85136704648","60023256","Politecnico di Milano","Milan","Italy",2,"Politecnico di Milano | Università Cattolica del Sacro Cuore","Politecnico di Milano, Milan, Italy",45.4790288,9.2322104
"2-s2.0-85136704648","60024053","Università Cattolica del Sacro Cuore","Milan","Italy",2,"Politecnico di Milano | Università Cattolica del Sacro Cuore","Università Cattolica del Sacro Cuore, Milan, Italy",45.4618543,9.1770563
